year,city_id,emp_nonagri,emp_agri
2003,532300,95.87130776447529,4.12869223552471
2003,532500,95.87130776447529,4.12869223552471
2003,532600,95.87130776447529,4.12869223552471
2003,532800,95.87130776447529,4.12869223552471
2003,532900,95.87130776447529,4.12869223552471
2003,533100,95.87130776447529,4.12869223552471
2003,533300,95.87130776447529,4.12869223552471
2003,533400,95.87130776447529,4.12869223552471
2003,652100,95.82613550902593,4.173864490974069
2003,652200,95.82613550902593,4.173864490974069
2003,652300,95.82613550902593,4.173864490974069
2003,652800,95.82613550902593,4.173864490974069
2003,652900,95.82613550902593,4.173864490974069
2003,653000,95.82613550902593,4.173864490974069
2003,653100,95.82613550902593,4.173864490974069
2003,653200,95.82613550902593,4.173864490974069
2003,654000,95.82613550902593,4.173864490974069
2003,654200,95.82613550902593,4.173864490974069
2003,654300,95.82613550902593,4.173864490974069
2003,652101,95.82613550902593,4.173864490974069
2003,110000,91.08,8.920000000000002
2003,120000,99.5,.5
2003,130100,99.40000000000001,.5999999999999943
2003,130200,94.8,5.200000000000003
2003,130300,99.13,.8700000000000045
2003,130400,99.16,.8400000000000034
2003,130500,98.61,1.390000000000001
2003,130600,99.34,.6599999999999966
2003,130700,98.09999999999999,1.900000000000006
2003,130800,96.24000000000001,3.759999999999991
2003,130900,96.84,3.159999999999997
2003,131000,99.11,.8900000000000006
2003,131100,99.37,.6299999999999955
2003,140100,99.44,.5600000000000023
2003,140200,98.74000000000001,1.259999999999991
2003,140300,99.86,.1400000000000006
2003,140400,98.80000000000001,1.199999999999989
2003,140500,99.18000000000001,.8199999999999932
2003,140600,97.94,2.060000000000002
2003,140700,99.09,.9099999999999966
2003,140800,98.40000000000001,1.599999999999994
2003,140900,97.21000000000001,2.789999999999992
2003,141000,98.44,1.560000000000002
2003,141100,98.81999999999999,1.180000000000007
2003,150100,98.66,1.340000000000003
2003,150200,97.2,2.799999999999997
2003,150300,97.61999999999999,2.38000000000001
2003,150400,87.03999999999999,12.96000000000001
2003,150500,74.18000000000001,25.81999999999999
2003,150600,96.19,3.810000000000002
2003,150700,95.06469727913837,4.935302720861628
2003,150800,82.41,17.59
2003,150900,95.23999999999999,4.760000000000005
2003,210100,99.01000000000001,.9899999999999949
2003,210200,98.12,1.879999999999995
2003,210300,97.91,2.090000000000003
2003,210400,97.52000000000001,2.47999999999999
2003,210500,98.95,1.049999999999997
2003,210600,97.68000000000001,2.319999999999993
2003,210700,92.8,7.200000000000003
2003,210800,98.59999999999999,1.400000000000006
2003,210900,97.08000000000001,2.919999999999987
2003,211000,97.16,2.840000000000003
2003,211100,59.58,40.42
2003,211200,93.21000000000001,6.789999999999992
2003,211300,96,4
2003,211400,98.14,1.859999999999999
2003,220100,97.92,2.079999999999998
2003,220200,95.49000000000001,4.509999999999991
2003,220300,92.56999999999999,7.430000000000007
2003,220400,97.24000000000001,2.759999999999991
2003,220500,96.3,3.700000000000003
2003,220600,81.74000000000001,18.25999999999999
2003,220700,87.80000000000001,12.19999999999999
2003,220800,85.47,14.53
2003,230100,94.56999999999999,5.430000000000007
2003,230200,82.48999999999999,17.51000000000001
2003,230300,78.21000000000001,21.78999999999999
2003,230400,68.61,31.39
2003,230500,62.63,37.37
2003,230600,97.13,2.870000000000005
2003,230700,53.17,46.83
2003,230800,79.87,20.13
2003,230900,94.82000000000001,5.179999999999993
2003,231000,79.09999999999999,20.90000000000001
2003,231100,63.98,36.02
2003,231200,93.56999999999999,6.430000000000007
2003,310000,99.50999999999999,.4900000000000091
2003,320100,99.02,.980000000000004
2003,320200,98.88,1.120000000000005
2003,320300,96.98,3.019999999999996
2003,320400,98.90000000000001,1.099999999999994
2003,320500,98.46000000000001,1.539999999999992
2003,320600,97.22999999999999,2.77000000000001
2003,320700,91.93000000000001,8.069999999999993
2003,320800,91.8,8.200000000000003
2003,320900,92.22999999999999,7.77000000000001
2003,321000,98.88,1.120000000000005
2003,321100,98.15000000000001,1.849999999999994
2003,321200,97.83000000000001,2.169999999999987
2003,321300,93.69999999999999,6.300000000000011
2003,330100,99.56999999999999,.4300000000000068
2003,330200,99.66,.3400000000000034
2003,330300,99.71000000000001,.289999999999992
2003,330400,98.86,1.140000000000001
2003,330500,99.47,.5300000000000011
2003,330600,99.67,.3299999999999983
2003,330700,99.21000000000001,.789999999999992
2003,330800,98.87,1.129999999999995
2003,330900,99.80000000000001,.1999999999999886
2003,331000,98.21000000000001,1.789999999999992
2003,331100,96.88,3.120000000000005
2003,340100,99.09999999999999,.9000000000000057
2003,340200,99.31,.6899999999999977
2003,340300,96.73,3.269999999999996
2003,340400,98.06999999999999,1.930000000000007
2003,340500,99.64,.3599999999999994
2003,340600,99.42,.5799999999999983
2003,340700,96.48,3.519999999999996
2003,340800,92.31,7.689999999999998
2003,341000,96.81,3.189999999999998
2003,341100,94.19,5.810000000000002
2003,341200,96.97,3.030000000000001
2003,341300,94.21000000000001,5.789999999999992
2003,341500,94.66000000000001,5.339999999999989
2003,341600,97.22,2.780000000000001
2003,341700,94.58,5.420000000000002
2003,341800,92.80000000000001,7.199999999999989
2003,350100,98.78,1.219999999999999
2003,350200,99.16,.8400000000000034
2003,350300,99.53,.4699999999999989
2003,350400,96.84999999999999,3.150000000000006
2003,350500,99.48,.519999999999996
2003,350600,91.73999999999999,8.260000000000005
2003,350700,95.5,4.5
2003,350800,96.52,3.480000000000004
2003,350900,98.35999999999999,1.640000000000015
2003,360100,95.73999999999999,4.260000000000005
2003,360200,93.14,6.859999999999999
2003,360300,98.75999999999999,1.240000000000009
2003,360400,95.19,4.810000000000002
2003,360500,57.73,42.27
2003,360600,84.59999999999999,15.40000000000001
2003,360700,96.47999999999999,3.52000000000001
2003,360800,90.95,9.049999999999997
2003,360900,95.15000000000001,4.849999999999994
2003,361000,92.78999999999999,7.210000000000008
2003,361100,85.61,14.39
2003,370100,99.53999999999999,.460000000000008
2003,370200,99.2,.7999999999999972
2003,370300,99.02,.980000000000004
2003,370400,98.36,1.640000000000001
2003,370500,98.65000000000001,1.349999999999994
2003,370600,98.65000000000001,1.349999999999994
2003,370700,98.47999999999999,1.52000000000001
2003,370800,99.02,.980000000000004
2003,370900,98.56999999999999,1.430000000000007
2003,371000,99.17,.8299999999999983
2003,371100,99.22999999999999,.7700000000000102
2003,371200,99.91999999999999,.0800000000000125
2003,371300,97.89,2.109999999999999
2003,371400,98.22,1.780000000000001
2003,371500,98.95999999999999,1.040000000000006
2003,371600,97.99000000000001,2.009999999999991
2003,371700,97.63,2.370000000000005
2003,410100,99.71000000000001,.289999999999992
2003,410200,98.65000000000001,1.349999999999994
2003,410300,99.34,.6599999999999966
2003,410400,99.58,.4200000000000017
2003,410500,99.34,.6599999999999966
2003,410600,98.62,1.379999999999995
2003,410700,98.72999999999999,1.27000000000001
2003,410800,98.99000000000001,1.009999999999991
2003,410900,99.22,.7800000000000011
2003,411000,98.97,1.030000000000001
2003,411100,98.71000000000001,1.289999999999992
2003,411200,99.09,.9099999999999966
2003,411300,97.66,2.340000000000003
2003,411400,98.87,1.129999999999995
2003,411500,97.28,2.719999999999999
2003,411600,95.64999999999999,4.350000000000009
2003,411700,96.81999999999999,3.180000000000007
2003,420100,96.13,3.870000000000005
2003,420200,95.43000000000001,4.569999999999993
2003,420300,98.58,1.420000000000002
2003,420500,96.25,3.75
2003,420600,94.95,5.049999999999997
2003,420700,98.67,1.329999999999998
2003,420800,85.47,14.53
2003,420900,93.66,6.340000000000003
2003,421000,86.59999999999999,13.40000000000001
2003,421100,94.22,5.780000000000001
2003,421200,94.78999999999999,5.210000000000008
2003,421300,89.97,10.03
2003,430100,99.52,.480000000000004
2003,430200,98.43000000000001,1.569999999999993
2003,430300,99.61000000000001,.3899999999999864
2003,430400,98.47999999999999,1.52000000000001
2003,430500,95.48,4.519999999999996
2003,430600,86.17,13.83
2003,430700,97.53999999999999,2.460000000000008
2003,430800,95.59,4.409999999999997
2003,430900,74.14999999999999,25.85000000000001
2003,431000,97.47,2.530000000000001
2003,431100,95.90000000000001,4.099999999999994
2003,431200,97.03999999999999,2.960000000000008
2003,431300,98.91,1.090000000000003
2003,440100,99.40000000000001,.5999999999999943
2003,440200,97.92,2.079999999999998
2003,440300,99.25999999999999,.7400000000000091
2003,440400,97.29000000000001,2.709999999999994
2003,440500,99.8,.2000000000000028
2003,440600,99.84999999999999,.1500000000000057
2003,440700,99.36,.6400000000000006
2003,440800,91.27,8.730000000000004
2003,440900,94.72,5.280000000000001
2003,441200,98.88,1.120000000000005
2003,441300,98.37,1.629999999999995
2003,441400,98.78999999999999,1.210000000000008
2003,441500,92.31,7.689999999999998
2003,441600,98.61,1.390000000000001
2003,441700,96.38999999999999,3.610000000000014
2003,441800,97.8,2.200000000000003
2003,441900,99.66,.3400000000000034
2003,442000,99.75,.25
2003,445100,99.66,.3400000000000034
2003,445200,96.44,3.560000000000002
2003,445300,99,1
2003,450100,93.69,6.310000000000002
2003,450200,97.30000000000001,2.699999999999989
2003,450300,97.47999999999999,2.52000000000001
2003,450400,98.16,1.840000000000003
2003,450500,94.27000000000001,5.72999999999999
2003,450600,84.45,15.55
2003,450700,94.08000000000001,5.919999999999987
2003,450800,96.62,3.379999999999995
2003,450900,96.36,3.640000000000001
2003,451000,95.45,4.549999999999997
2003,451100,147.23,-47.23000000000002
2003,451200,94.92,5.079999999999998
2003,451300,88.68000000000001,11.31999999999999
2003,451400,22.02,77.98
2003,460100,98.5,1.5
2003,460200,77.19,22.81
2003,500000,98.81999999999999,1.180000000000007
2003,510100,99.37,.6299999999999955
2003,510300,98.54000000000001,1.459999999999994
2003,510400,98.84999999999999,1.150000000000006
2003,510500,98.22,1.780000000000001
2003,510600,99.13,.8700000000000045
2003,510700,98.8,1.200000000000003
2003,510800,98.50999999999999,1.490000000000009
2003,510900,97.94,2.060000000000002
2003,511000,98.88,1.120000000000005
2003,511100,96.78999999999999,3.210000000000008
2003,511300,97.42,2.579999999999998
2003,511400,103.54,-3.539999999999992
2003,511500,98.75,1.25
2003,511600,96.98999999999999,3.010000000000005
2003,511700,96.17,3.829999999999998
2003,511800,98.08,1.920000000000002
2003,511900,95.39,4.609999999999999
2003,512000,96.18000000000001,3.819999999999993
2003,520100,99.22999999999999,.7700000000000102
2003,520200,99.34999999999999,.6500000000000057
2003,520300,97.22999999999999,2.77000000000001
2003,520400,97.41,2.590000000000003
2003,530100,98.88,1.120000000000005
2003,530300,97.56,2.439999999999998
2003,530400,96.39,3.609999999999999
2003,530500,94.16999999999999,5.830000000000013
2003,530600,95.91999999999999,4.080000000000013
2003,530700,90.48999999999999,9.510000000000005
2003,530900,87.81,12.19
2003,610100,99.12,.8799999999999955
2003,610200,99.03,.9699999999999989
2003,610300,97.78,2.219999999999999
2003,610400,98.25,1.75
2003,610500,96.99000000000001,3.009999999999991
2003,610600,96.45,3.549999999999997
2003,610700,96.92,3.079999999999998
2003,610800,95.85000000000001,4.149999999999991
2003,610900,97.46000000000001,2.539999999999992
2003,611000,96.83000000000001,3.169999999999987
2003,620100,99.16,.8400000000000034
2003,620200,99.56,.4399999999999977
2003,620300,93.02000000000001,6.97999999999999
2003,620400,97.03,2.969999999999999
2003,620500,93.84999999999999,6.150000000000006
2003,620600,90.52,9.480000000000004
2003,620700,87.43000000000001,12.56999999999999
2003,620800,96.39,3.609999999999999
2003,620900,89.63,10.37
2003,621000,95.91,4.090000000000003
2003,621100,93.95999999999999,6.040000000000006
2003,630100,97.81999999999999,2.180000000000007
2003,640100,92.47,7.530000000000001
2003,640200,95.98999999999999,4.010000000000005
2003,640300,86.22,13.78
2003,640400,94.98,5.019999999999996
2003,650100,96.47999999999999,3.52000000000001
2003,650200,99.91,.0900000000000034
2003,341400,95.97999999999999,4.02000000000001
2003,520500,96.10019513699542,3.899804863004576
2003,520600,96.10019513699542,3.899804863004576
2003,522300,96.10013709351716,3.899862906482838
2003,522600,96.10013709351716,3.899862906482838
2003,522700,96.10013709351716,3.899862906482838
2003,630200,95.73585877245279,4.264141227547213
2003,632200,95.73308793911947,4.266912060880529
2003,632300,95.73308793911947,4.266912060880529
2003,632500,95.73308793911947,4.266912060880529
2003,632600,95.73308793911947,4.266912060880529
2003,632700,95.73308793911947,4.266912060880529
2003,632800,95.73308793911947,4.266912060880529
2003,152200,95.25980687355163,4.740193126448375
2003,152500,95.25980687355163,4.740193126448375
2003,152900,95.25980687355163,4.740193126448375
2003,222400,94.32625026380077,5.673749736199227
2003,232700,94.03948675769847,5.960513242301531
2003,422800,96.04805169746051,3.951948302539492
2003,433100,96.15718389172763,3.842816108272373
2003,513200,96.091901247385,3.908098752615004
2003,513300,96.091901247385,3.908098752615004
2003,513400,96.091901247385,3.908098752615004
2003,623000,95.72659672466722,4.273403275332782
2003,622900,95.72659672466722,4.273403275332782
2003,621200,95.72659672466722,4.273403275332782
2003,540100,95.86946809780862,4.130531902191379
2003,540200,95.86946809780862,4.130531902191379
2003,540300,95.86946809780862,4.130531902191379
2003,540400,95.86946809780862,4.130531902191379
2003,540500,95.86946809780862,4.130531902191379
2003,542400,95.86946809780862,4.130531902191379
2003,542500,95.86946809780862,4.130531902191379
2003,530800,87.31,12.69
2004,530800,87.31,12.69
2004,110000,92.80000000000001,7.199999999999989
2004,120000,99.55,.4500000000000028
2004,130100,99.45,.5499999999999972
2004,130200,95.21000000000001,4.789999999999992
2004,130300,98.94999999999999,1.050000000000011
2004,130400,99.17,.8299999999999983
2004,130500,98.81,1.189999999999998
2004,130600,99.34999999999999,.6500000000000057
2004,130700,98.12,1.879999999999995
2004,130800,96.53999999999999,3.460000000000008
2004,130900,96.75,3.25
2004,131000,99.16000000000001,.8399999999999892
2004,131100,99.13,.8700000000000045
2004,140100,99.48999999999999,.5100000000000051
2004,140200,98.81,1.189999999999998
2004,140300,99.86,.1400000000000006
2004,140400,98.91,1.090000000000003
2004,140500,99.25999999999999,.7400000000000091
2004,140600,97.53,2.469999999999999
2004,140700,99.22999999999999,.7700000000000102
2004,140800,98.50999999999999,1.490000000000009
2004,140900,97.28999999999999,2.710000000000008
2004,141000,98.31999999999999,1.680000000000007
2004,141100,99.08,.9200000000000017
2004,150100,98.73999999999999,1.260000000000005
2004,150200,97.11999999999999,2.88000000000001
2004,150300,98.03,1.969999999999999
2004,150400,92.83,7.170000000000002
2004,150500,74.13,25.87
2004,150600,96.25999999999999,3.740000000000009
2004,150700,66.59,33.41
2004,150800,82.85000000000001,17.14999999999999
2004,150900,95.58,4.420000000000002
2004,210100,99.15000000000001,.8499999999999943
2004,210200,98.24000000000001,1.759999999999991
2004,210300,97.97,2.030000000000001
2004,210400,97.31999999999999,2.680000000000007
2004,210500,98.94,1.060000000000002
2004,210600,98.28,1.719999999999999
2004,210700,91.06,8.939999999999998
2004,210800,98.86,1.140000000000001
2004,210900,97.24000000000001,2.759999999999991
2004,211000,97.53999999999999,2.460000000000008
2004,211100,59.13,40.87
2004,211200,92.66,7.340000000000003
2004,211300,96.24000000000001,3.759999999999991
2004,211400,98,2
2004,220100,98.34,1.659999999999997
2004,220200,95.01000000000001,4.989999999999995
2004,220300,92.53999999999999,7.460000000000008
2004,220400,96.75999999999999,3.240000000000009
2004,220500,96.2,3.799999999999997
2004,220600,82.89,17.11
2004,220700,88.61,11.39
2004,220800,83.90000000000001,16.09999999999999
2004,230100,94.84999999999999,5.150000000000006
2004,230200,83.50999999999999,16.49000000000001
2004,230300,78.55000000000001,21.44999999999999
2004,230400,71.40000000000001,28.59999999999999
2004,230500,61.93,38.07
2004,230600,97.93000000000001,2.069999999999993
2004,230700,52.58,47.42
2004,230800,80.7,19.3
2004,230900,95.45,4.549999999999997
2004,231000,78.83000000000001,21.16999999999999
2004,231100,64.73,35.27
2004,231200,93.77000000000001,6.22999999999999
2004,310000,99.47999999999999,.5200000000000102
2004,320100,98.98,1.019999999999996
2004,320200,99.09,.9099999999999966
2004,320300,97.14,2.859999999999999
2004,320400,99.33,.6700000000000017
2004,320500,99.03,.9699999999999989
2004,320600,97.21000000000001,2.789999999999992
2004,320700,92.11,7.890000000000001
2004,320800,93.33000000000001,6.669999999999987
2004,320900,91.66999999999999,8.330000000000013
2004,321000,98.96000000000001,1.039999999999992
2004,321100,97.97,2.030000000000001
2004,321200,98.38,1.620000000000005
2004,321300,94.83,5.170000000000002
2004,330100,99.65000000000001,.3499999999999943
2004,330200,99.72,.2800000000000011
2004,330300,99.81999999999999,.1800000000000068
2004,330400,99.43000000000001,.5699999999999932
2004,330500,99.66,.3400000000000034
2004,330600,99.77,.230000000000004
2004,330700,99.41,.5900000000000034
2004,330800,98.78,1.219999999999999
2004,330900,99.81,.1899999999999977
2004,331000,98.38,1.620000000000005
2004,331100,97.03999999999999,2.960000000000008
2004,340100,99.28,.7199999999999989
2004,340200,99.48,.519999999999996
2004,340300,96.31,3.689999999999998
2004,340400,98.47999999999999,1.52000000000001
2004,340500,99.60999999999999,.3900000000000148
2004,340600,99.91,.0900000000000034
2004,340700,96.31,3.689999999999998
2004,340800,92.92999999999999,7.070000000000007
2004,341000,97.67,2.329999999999998
2004,341100,94.12,5.879999999999995
2004,341200,97.59999999999999,2.400000000000006
2004,341300,95.5,4.5
2004,341500,95.28,4.719999999999999
2004,341600,98.40000000000001,1.599999999999994
2004,341700,94.83,5.170000000000002
2004,341800,92.78,7.219999999999999
2004,350100,98.92,1.079999999999998
2004,350200,99.56999999999999,.4300000000000068
2004,350300,99.59999999999999,.4000000000000057
2004,350400,97.04000000000001,2.959999999999994
2004,350500,99.49000000000001,.5099999999999909
2004,350600,91.31,8.689999999999998
2004,350700,96.27000000000001,3.72999999999999
2004,350800,97.08,2.920000000000002
2004,350900,98.65000000000001,1.349999999999994
2004,360100,95.69,4.310000000000002
2004,360200,93.59,6.409999999999997
2004,360300,98.13999999999999,1.860000000000014
2004,360400,95.37,4.629999999999995
2004,360500,62.95,37.05
2004,360600,85.93000000000001,14.06999999999999
2004,360700,97.00999999999999,2.990000000000009
2004,360800,91.88,8.120000000000005
2004,360900,95.28,4.719999999999999
2004,361000,93.08,6.920000000000002
2004,361100,86.09999999999999,13.90000000000001
2004,370100,99.56999999999999,.4300000000000068
2004,370200,99.43000000000001,.5699999999999932
2004,370300,99,1
2004,370400,98.28999999999999,1.710000000000008
2004,370500,98.53,1.469999999999999
2004,370600,98.75999999999999,1.240000000000009
2004,370700,98.34,1.659999999999997
2004,370800,98.99000000000001,1.009999999999991
2004,370900,98.53999999999999,1.460000000000008
2004,371000,99.18000000000001,.8199999999999932
2004,371100,99.26000000000001,.7399999999999949
2004,371200,99.84,.1599999999999966
2004,371300,97.97,2.030000000000001
2004,371400,98.81999999999999,1.180000000000007
2004,371500,98.90000000000001,1.099999999999994
2004,371600,98.62,1.379999999999995
2004,371700,97.83000000000001,2.169999999999987
2004,410100,99.66,.3400000000000034
2004,410200,98.91,1.090000000000003
2004,410300,99.23,.769999999999996
2004,410400,99.58000000000001,.4199999999999875
2004,410500,99.25999999999999,.7400000000000091
2004,410600,98.58,1.420000000000002
2004,410700,98.53999999999999,1.460000000000008
2004,410800,98.56999999999999,1.430000000000007
2004,410900,99.27000000000001,.7299999999999898
2004,411000,98.94,1.060000000000002
2004,411100,99.27,.730000000000004
2004,411200,99.06999999999999,.9300000000000068
2004,411300,97.63,2.370000000000005
2004,411400,99.12,.8799999999999955
2004,411500,97.17999999999999,2.820000000000007
2004,411600,96.79000000000001,3.209999999999994
2004,411700,97.76000000000001,2.239999999999995
2004,420100,96.22999999999999,3.77000000000001
2004,420200,95.90000000000001,4.099999999999994
2004,420300,98.45,1.549999999999997
2004,420500,96.38,3.620000000000005
2004,420600,95.27000000000001,4.72999999999999
2004,420700,98.64,1.359999999999999
2004,420800,83.47,16.53
2004,420900,93.3,6.700000000000003
2004,421000,86.21000000000001,13.78999999999999
2004,421100,93.26000000000001,6.739999999999995
2004,421200,96.31999999999999,3.680000000000007
2004,421300,90.22,9.780000000000001
2004,430100,99.58000000000001,.4199999999999875
2004,430200,98.48,1.519999999999996
2004,430300,99.68000000000001,.3199999999999932
2004,430400,98.64,1.359999999999999
2004,430500,95.63,4.370000000000005
2004,430600,88.64,11.36
2004,430700,97.84,2.159999999999997
2004,430800,96.05,3.950000000000003
2004,430900,97.12,2.879999999999995
2004,431000,97.87,2.129999999999995
2004,431100,96.12,3.879999999999995
2004,431200,97.22,2.780000000000001
2004,431300,98.84,1.159999999999997
2004,440100,99.41,.5900000000000034
2004,440200,97.92,2.079999999999998
2004,440300,99.49000000000001,.5099999999999909
2004,440400,97.81999999999999,2.180000000000007
2004,440500,99.8,.2000000000000028
2004,440600,99.87,.1299999999999955
2004,440700,99.53999999999999,.460000000000008
2004,440800,92.44,7.560000000000002
2004,440900,94.94,5.060000000000002
2004,441200,98.86,1.140000000000001
2004,441300,99.14,.8599999999999994
2004,441400,98.79000000000001,1.209999999999994
2004,441500,92.18000000000001,7.819999999999993
2004,441600,98.73,1.269999999999996
2004,441700,96.50999999999999,3.490000000000009
2004,441800,98.09999999999999,1.900000000000006
2004,441900,99.68000000000001,.3199999999999932
2004,442000,99.78,.2199999999999989
2004,445100,99.73999999999999,.2600000000000051
2004,445200,96.63,3.370000000000005
2004,445300,99,1
2004,450100,93.73999999999999,6.260000000000005
2004,450200,97.24000000000001,2.759999999999991
2004,450300,97.61000000000001,2.389999999999986
2004,450400,98.28,1.719999999999999
2004,450500,94.62,5.379999999999995
2004,450600,88.90000000000001,11.09999999999999
2004,450700,93.68000000000001,6.319999999999993
2004,450800,96.84999999999999,3.150000000000006
2004,450900,96.50999999999999,3.490000000000009
2004,451000,94.49000000000001,5.509999999999991
2004,451100,94.91,5.090000000000003
2004,451200,95.47,4.530000000000001
2004,451300,89.03,10.97
2004,451400,85.64,14.36
2004,460100,98.96000000000001,1.039999999999992
2004,460200,83.71000000000001,16.28999999999999
2004,500000,98.89,1.109999999999999
2004,510100,99.65000000000001,.3499999999999943
2004,510300,98.56999999999999,1.430000000000007
2004,510400,99.10000000000001,.8999999999999915
2004,510500,98.43000000000001,1.569999999999993
2004,510600,99.19,.8100000000000023
2004,510700,98.89,1.109999999999999
2004,510800,98.21000000000001,1.789999999999992
2004,510900,98.42,1.579999999999998
2004,511000,98.89,1.109999999999999
2004,511100,96.56,3.439999999999998
2004,511300,97.24000000000001,2.759999999999991
2004,511400,97.86,2.140000000000001
2004,511500,98.83,1.170000000000002
2004,511600,96.93000000000001,3.069999999999993
2004,511700,96.44,3.560000000000002
2004,511800,97.8,2.200000000000003
2004,511900,95.06,4.939999999999998
2004,512000,96.17,3.829999999999998
2004,520100,99.39,.6099999999999994
2004,520200,98.56999999999999,1.430000000000007
2004,520300,97.98999999999999,2.010000000000005
2004,520400,93.36,6.640000000000001
2004,530100,98.89,1.109999999999999
2004,530300,97.50999999999999,2.490000000000009
2004,530400,96.58000000000001,3.419999999999987
2004,530500,94.48999999999999,5.510000000000005
2004,530600,96.61999999999999,3.38000000000001
2004,530700,89.7,10.3
2004,530900,90.46000000000001,9.539999999999992
2004,610100,99.21000000000001,.789999999999992
2004,610200,98.96000000000001,1.039999999999992
2004,610300,96.71000000000001,3.289999999999992
2004,610400,98.27000000000001,1.72999999999999
2004,610500,96.94,3.060000000000002
2004,610600,96.56,3.439999999999998
2004,610700,97.09,2.909999999999997
2004,610800,96.15000000000001,3.849999999999994
2004,610900,97.92,2.079999999999998
2004,611000,96.64,3.359999999999999
2004,620100,99.22999999999999,.7700000000000102
2004,620200,99.5,.5
2004,620300,93.71000000000001,6.289999999999992
2004,620400,97.09,2.909999999999997
2004,620500,94.13,5.870000000000005
2004,620600,90.16000000000001,9.839999999999989
2004,620700,88.24000000000001,11.75999999999999
2004,620800,88.78,11.22
2004,620900,89.67,10.33
2004,621000,97.12,2.879999999999995
2004,621100,93.29000000000001,6.709999999999994
2004,621200,94.15000000000001,5.849999999999994
2004,630100,97.75999999999999,2.240000000000009
2004,640100,93.47,6.530000000000001
2004,640200,95.11,4.890000000000001
2004,640300,91.56999999999999,8.430000000000007
2004,640400,95.43000000000001,4.569999999999993
2004,640500,39.18,60.82
2004,650100,96.48,3.519999999999996
2004,650200,99.75999999999999,.2400000000000091
2004,532300,95.99421814412736,4.005781855872641
2004,532500,95.99421814412736,4.005781855872641
2004,532600,95.99421814412736,4.005781855872641
2004,532800,95.99421814412736,4.005781855872641
2004,532900,95.99421814412736,4.005781855872641
2004,533100,95.99421814412736,4.005781855872641
2004,533300,95.99421814412736,4.005781855872641
2004,533400,95.99421814412736,4.005781855872641
2004,652100,88.78948571437465,11.21051428562535
2004,652200,88.78948571437465,11.21051428562535
2004,652300,88.78948571437465,11.21051428562535
2004,652800,88.78948571437465,11.21051428562535
2004,652900,88.78948571437465,11.21051428562535
2004,653000,88.78948571437465,11.21051428562535
2004,653100,88.78948571437465,11.21051428562535
2004,653200,88.78948571437465,11.21051428562535
2004,654000,88.78948571437465,11.21051428562535
2004,654200,88.78948571437465,11.21051428562535
2004,654300,88.78948571437465,11.21051428562535
2004,652101,88.78948571437465,11.21051428562535
2004,152200,95.19557695594207,4.804423044057927
2004,152500,95.19557695594207,4.804423044057927
2004,152900,95.19557695594207,4.804423044057927
2004,222400,94.40390251167243,5.596097488327572
2004,232700,94.21782993057266,5.782170069427337
2004,422800,96.10582130499016,3.894178695009842
2004,433100,96.22911795986016,3.770882040139838
2004,513200,96.13477262937049,3.865227370629512
2004,513300,96.13477262937049,3.865227370629512
2004,513400,96.13477262937049,3.865227370629512
2004,623000,95.71708094091177,4.282919059088229
2004,622900,95.71708094091177,4.282919059088229
2004,540100,95.99421814412736,4.005781855872641
2004,540200,95.99421814412736,4.005781855872641
2004,540300,95.99421814412736,4.005781855872641
2004,540400,95.99421814412736,4.005781855872641
2004,540500,95.99421814412736,4.005781855872641
2004,542400,95.99421814412736,4.005781855872641
2004,542500,95.99421814412736,4.005781855872641
2004,341400,94.97999999999999,5.02000000000001
2004,520500,96.1185938752794,3.881406124720598
2004,520600,96.1185938752794,3.881406124720598
2004,522300,96.12052345969498,3.879476540305021
2004,522600,96.12052345969498,3.879476540305021
2004,522700,96.12052345969498,3.879476540305021
2004,630200,95.75988512649036,4.24011487350964
2004,632200,95.63582460200017,4.36417539799983
2004,632300,95.63582460200017,4.36417539799983
2004,632500,95.63582460200017,4.36417539799983
2004,632600,95.63582460200017,4.36417539799983
2004,632700,95.63582460200017,4.36417539799983
2004,632800,95.63582460200017,4.36417539799983
2018,422800,98.55546290063526,1.444537099364737
2018,510400,98.52557928438551,1.474420715614485
2018,511800,99.33,.6700000000000017
2018,652700,96.79511850876601,3.204881491233991
2018,450200,99.33,.6700000000000017
2018,652300,96.79511850876601,3.204881491233991
2018,610500,98.7,1.299999999999997
2018,654000,96.79511850876601,3.204881491233991
2018,500000,99.78,.2199999999999989
2018,510600,99.97999999999999,.0200000000000102
2018,411100,99.99000000000001,.0099999999999909
2018,421000,96.69999999999999,3.300000000000011
2018,654300,96.79511850876601,3.204881491233991
2018,371200,100,0
2018,341200,99.61000000000001,.3899999999999864
2018,511500,99.53999999999999,.460000000000008
2018,371100,99.93000000000001,.0699999999999932
2018,441900,99.98,.019999999999996
2018,371300,99.93000000000001,.0699999999999932
2018,511300,99.84,.1599999999999966
2018,640200,99.47,.5300000000000011
2018,511100,99.49000000000001,.5099999999999909
2018,230600,98.02000000000001,1.97999999999999
2018,220200,97.21000000000001,2.789999999999992
2018,230900,92.44,7.560000000000002
2018,220100,99.3,.7000000000000028
2018,520500,99.75,.25
2018,410500,99.88,.1200000000000045
2018,350800,99.28,.7199999999999989
2018,610300,99.3,.7000000000000028
2018,450700,98.88,1.120000000000005
2018,152200,96.82758110182635,3.172418898173646
2018,513200,98.52407449131866,1.475925508681343
2018,231100,49.67,50.33
2018,370700,99.93000000000001,.0699999999999932
2018,330800,100,0
2018,533300,98.04635800092647,1.953641999073525
2018,450300,98.93000000000001,1.069999999999993
2018,510100,99.12,.8799999999999955
2018,430500,99.18000000000001,.8199999999999932
2018,340100,99.96000000000001,.039999999999992
2018,330400,99.88,.1200000000000045
2018,610800,99.52000000000001,.4799999999999898
2018,150800,64.74000000000001,35.25999999999999
2018,411700,99.14,.8599999999999994
2018,511900,99.31,.6899999999999977
2018,210800,99.61,.3900000000000006
2018,210900,99.76000000000001,.2399999999999949
2018,371500,99.91999999999999,.0800000000000125
2018,640100,99.13,.8700000000000045
2018,140800,99.51000000000001,.4899999999999949
2018,330100,99.97999999999999,.0200000000000102
2018,411600,99.77000000000001,.2299999999999898
2018,460300,98.4254136097352,1.574586390264798
2018,211100,64.33,35.67
2018,370200,99.94999999999999,.0500000000000114
2018,610600,99.53,.4699999999999989
2018,320700,98.75,1.25
2018,371700,99.90000000000001,.0999999999999943
2018,460100,95.08999999999999,4.910000000000011
2018,410700,99.93000000000001,.0699999999999932
2018,211000,96.52000000000001,3.47999999999999
2018,140600,99.58,.4200000000000017
2018,350600,97.84999999999999,2.150000000000006
2018,410100,99.92,.0799999999999983
2018,140400,99.74000000000001,.2599999999999909
2018,653200,96.79511850876601,3.204881491233991
2018,320200,99.99000000000001,.0099999999999909
2018,640300,99.71000000000001,.289999999999992
2018,350700,96.53999999999999,3.460000000000008
2018,441400,99.93000000000001,.0699999999999932
2018,320900,98.25999999999999,1.740000000000009
2018,610100,99.92,.0799999999999983
2018,652200,89.44,10.56
2018,321100,99.91999999999999,.0800000000000125
2018,430900,99.66,.3400000000000034
2018,441600,99.75999999999999,.2400000000000091
2018,150200,99.28,.7199999999999989
2018,420500,99.62,.3799999999999955
2018,430800,99.41999999999999,.5800000000000125
2018,320400,100,0
2018,340200,99.94999999999999,.0500000000000114
2018,410400,99.93000000000001,.0699999999999932
2018,442000,100,0
2018,230200,87.63,12.37
2018,330300,99.93000000000001,.0699999999999932
2018,441700,97.95,2.049999999999997
2018,511400,99.68000000000001,.3199999999999932
2018,445100,99.99000000000001,.0099999999999909
2018,611000,99.30000000000001,.6999999999999886
2018,210400,98.38,1.620000000000005
2018,420100,99.84,.1599999999999966
2018,150700,73.68000000000001,26.31999999999999
2018,440400,99.16,.8400000000000034
2018,530400,99.77000000000001,.2299999999999898
2018,350900,99.59,.4099999999999966
2018,421300,99.61,.3900000000000006
2018,610900,99.89000000000001,.1099999999999852
2018,220400,97.76000000000001,2.239999999999995
2018,533400,98.04635800092647,1.953641999073525
2018,431000,99.53,.4699999999999989
2018,140900,99.16,.8400000000000034
2018,410200,99.89,.1099999999999994
2018,420600,97.08,2.920000000000002
2018,320600,99.88,.1200000000000045
2018,420800,98.68000000000001,1.319999999999993
2018,510800,99.72,.2800000000000011
2018,331000,99.94999999999999,.0500000000000114
2018,653100,96.79511850876601,3.204881491233991
2018,430100,99.91,.0900000000000034
2018,450900,98.3,1.700000000000003
2018,360800,98.31,1.689999999999998
2018,441500,99.65000000000001,.3499999999999943
2018,450100,99.19,.8100000000000023
2018,360100,99.95,.0499999999999972
2018,654200,96.79511850876601,3.204881491233991
2018,520600,99.66000000000001,.3399999999999892
2018,210500,99.56,.4399999999999977
2018,220800,91.38000000000001,8.61999999999999
2018,513300,98.52407449131866,1.475925508681343
2018,150900,99.08000000000001,.9199999999999875
2018,652100,99.67999999999999,.3200000000000074
2018,152900,96.82758110182635,3.172418898173646
2018,320300,98.61,1.390000000000001
2018,360700,99.44,.5600000000000023
2018,370900,99.95,.0499999999999972
2018,340400,98.09,1.909999999999997
2018,140700,99.71000000000001,.289999999999992
2018,152500,96.82758110182635,3.172418898173646
2018,321300,99.98,.019999999999996
2018,150300,99.88,.1200000000000045
2018,451000,99.07000000000001,.9299999999999926
2018,150100,98.88,1.120000000000005
2018,440700,99.84999999999999,.1500000000000057
2018,341700,99.37,.6299999999999955
2018,341800,99.37,.6299999999999955
2018,450500,95.61,4.390000000000001
2018,411300,99.62,.3799999999999955
2018,532800,98.04635800092647,1.953641999073525
2018,330600,99.98999999999999,.0100000000000051
2018,469003,95.54000000000001,4.459999999999994
2018,532300,98.04635800092647,1.953641999073525
2018,341100,98.75,1.25
2018,530700,99.42999999999999,.5700000000000074
2018,361100,99.28,.7199999999999989
2018,440800,97.39,2.609999999999999
2018,210600,99.63,.3700000000000045
2018,321000,99.98999999999999,.0100000000000051
2018,210700,97.45,2.549999999999997
2018,410800,99.93000000000001,.0699999999999932
2018,440300,100,0
2018,141000,99.31,.6899999999999977
2018,360300,99.75,.25
2018,330200,99.98,.019999999999996
2018,350400,98.63,1.370000000000005
2018,350300,99.91,.0900000000000034
2018,361000,99.58,.4200000000000017
2018,341000,99.65000000000001,.3499999999999943
2018,230800,67.53,32.47
2018,230500,59.48,40.52
2018,370500,99.96000000000001,.039999999999992
2018,231200,92.50999999999999,7.490000000000009
2018,530600,99.67999999999999,.3200000000000074
2018,511000,99.18000000000001,.8199999999999932
2018,340500,99.77000000000001,.2299999999999898
2018,150600,99.28,.7199999999999989
2018,340800,96.81,3.189999999999998
2018,350100,99.89,.1099999999999994
2018,650200,99.96000000000001,.039999999999992
2018,370600,99.96000000000001,.039999999999992
2018,371000,99.88,.1200000000000045
2018,430600,98.89,1.109999999999999
2018,450400,99.62,.3799999999999955
2018,450800,99.49000000000001,.5099999999999909
2018,530300,99.41,.5900000000000034
2018,360600,94.25999999999999,5.740000000000009
2018,320500,99.98999999999999,.0100000000000051
2018,420700,99.88,.1200000000000045
2018,140500,99.7,.2999999999999972
2018,220600,87.72,12.28
2018,451200,98.39999999999999,1.600000000000009
2018,530800,98.41,1.590000000000003
2018,360900,99.19999999999999,.8000000000000114
2018,410600,99.94,.0600000000000023
2018,140200,99.7,.2999999999999972
2018,451400,93.94,6.060000000000002
2018,513400,98.52407449131866,1.475925508681343
2018,431200,99.46000000000001,.539999999999992
2018,230300,74.77,25.23
2018,632800,98.39802062075896,1.601979379241044
2018,441800,99.92,.0799999999999983
2018,441200,99.84,.1599999999999966
2018,632200,98.39802062075896,1.601979379241044
2018,220500,97.67,2.329999999999998
2018,520300,98.52407449131866,1.475925508681343
2018,520400,99.25,.75
2018,410300,99.90000000000001,.0999999999999943
2018,430400,99.77,.230000000000004
2018,511700,99.21000000000001,.789999999999992
2018,511600,99.16,.8400000000000034
2018,330900,99.97,.0300000000000011
2018,341300,99.77000000000001,.2299999999999898
2018,340600,99.98999999999999,.0100000000000051
2018,632700,98.39802062075896,1.601979379241044
2018,532600,98.04635800092647,1.953641999073525
2018,211300,99.66,.3400000000000034
2018,210200,99.2,.7999999999999972
2018,451100,98.81999999999999,1.180000000000007
2018,445300,99.84,.1599999999999966
2018,652900,96.79511850876601,3.204881491233991
2018,230700,44.21,55.79
2018,430700,99.67,.3299999999999983
2018,460200,97.59,2.409999999999997
2018,532500,98.04635800092647,1.953641999073525
2018,512000,99.97,.0300000000000011
2018,330500,99.96000000000001,.039999999999992
2018,440100,99.95999999999999,.0400000000000063
2018,411200,99.83,.1700000000000017
2018,220300,97.78,2.219999999999999
2018,530100,99.76000000000001,.2399999999999949
2018,360200,96.97,3.030000000000001
2018,370300,99.97,.0300000000000011
2018,431300,99.56999999999999,.4300000000000068
2018,520100,99.84,.1599999999999966
2018,411000,100,0
2018,440500,99.94,.0600000000000023
2018,150400,96.98,3.019999999999996
2018,445200,99.55000000000001,.4499999999999886
2018,510500,99.87,.1299999999999955
2018,530900,93.65000000000001,6.349999999999994
2018,632500,98.39802062075896,1.601979379241044
2018,110000,99.67999999999999,.3200000000000074
2018,530500,98.75999999999999,1.240000000000009
2018,220700,92.59999999999999,7.400000000000006
2018,653000,96.79511850876601,3.204881491233991
2018,320800,99.55,.4500000000000028
2018,440600,99.98999999999999,.0100000000000051
2018,650100,99.75999999999999,.2400000000000091
2018,141100,99.86,.1400000000000006
2018,210300,99.43000000000001,.5699999999999932
2018,451300,92.94,7.060000000000002
2018,630100,99.71000000000001,.289999999999992
2018,140300,99.90000000000001,.0999999999999943
2018,340700,98.8,1.200000000000003
2018,370800,99.93000000000001,.0699999999999932
2018,370100,99.97,.0300000000000011
2018,610400,99.72,.2800000000000011
2018,652800,96.79511850876601,3.204881491233991
2018,350200,99.88999999999999,.1100000000000136
2018,420900,99.03,.9699999999999989
2018,371400,99.93000000000001,.0699999999999932
2018,430200,99.71000000000001,.289999999999992
2018,210100,99.78999999999999,.210000000000008
2018,230100,98.01000000000001,1.989999999999995
2018,120000,99.8,.2000000000000028
2018,640400,98.51000000000001,1.489999999999995
2018,632600,98.39802062075896,1.601979379241044
2018,640500,94.54000000000001,5.459999999999994
2018,533100,98.04635800092647,1.953641999073525
2018,630200,97.24000000000001,2.759999999999991
2018,360500,99.71000000000001,.289999999999992
2018,370400,99.88,.1200000000000045
2018,420200,99.65000000000001,.3499999999999943
2018,440900,98.5,1.5
2018,140100,99.84999999999999,.1500000000000057
2018,632300,98.39802062075896,1.601979379241044
2018,211200,92.09,7.909999999999997
2018,321200,99.87,.1299999999999955
2018,510300,99.7,.2999999999999972
2018,440200,99.62,.3799999999999955
2018,331100,99.64,.3599999999999994
2018,450600,93.66,6.340000000000003
2018,520200,99.81999999999999,.1800000000000068
2018,231000,81.41,18.59
2018,350500,99.78,.2199999999999989
2018,421200,99.77000000000001,.2299999999999898
2018,410900,99.99000000000001,.0099999999999909
2018,360400,98.64,1.359999999999999
2018,371600,99.99000000000001,.0099999999999909
2018,411400,99.8,.2000000000000028
2018,330700,99.97,.0300000000000011
2018,610200,99.84999999999999,.1500000000000057
2018,430300,99.97,.0300000000000011
2018,532900,98.04635800092647,1.953641999073525
2018,411500,99.86,.1400000000000006
2018,310000,99.50999999999999,.4900000000000091
2018,420300,98.89,1.109999999999999
2018,320100,100,0
2018,341500,97.02,2.980000000000004
2018,441300,99.91,.0900000000000034
2018,211400,99.41999999999999,.5800000000000125
2018,230400,68.31,31.69
2018,510900,100,0
2018,610700,99.62,.3799999999999955
2018,150500,85.62,14.38
2018,340300,99.88,.1200000000000045
2018,421100,97.75999999999999,2.240000000000009
2018,510700,99.87,.1299999999999955
2018,431100,98.97999999999999,1.02000000000001
2018,341600,100,0
2018,522700,98.52306115798534,1.476938842014661
2018,522300,98.52306115798534,1.476938842014661
2018,433100,98.55490695314883,1.44509304685117
2018,222400,96.53798724269816,3.462012757301835
2018,232700,93.15834534452225,6.841654655477754
2018,522600,98.52306115798534,1.476938842014661
2018,130100,99.82000000000001,.1799999999999926
2018,130200,98.12,1.879999999999995
2018,130300,99.81999999999999,.1800000000000068
2018,130400,99.91,.0900000000000034
2018,130500,99.87,.1299999999999955
2018,130600,99.81,.1899999999999977
2018,130700,99.5,.5
2018,130800,99.07000000000001,.9299999999999926
2018,130900,100,0
2018,131000,99.81999999999999,.1800000000000068
2018,131100,99.59,.4099999999999966
2018,540100,69.44,30.56
2018,540200,99.70999999999999,.2900000000000063
2018,540300,99.55000000000001,.4499999999999886
2018,540400,98.45092141192821,1.549078588071794
2018,540500,99.97,.0300000000000011
2018,542400,95.64,4.359999999999999
2018,620100,99.91999999999999,.0800000000000125
2018,620200,99.88,.1200000000000045
2018,620300,97.40000000000001,2.599999999999994
2018,620400,98.81999999999999,1.180000000000007
2018,620500,96.05,3.950000000000003
2018,620600,97.91,2.090000000000003
2018,620700,97.46000000000001,2.539999999999992
2018,620800,97.75,2.25
2018,620900,96.69999999999999,3.300000000000011
2018,621000,99.74000000000001,.2599999999999909
2018,621100,99.28999999999999,.710000000000008
2018,621200,94.59999999999999,5.400000000000006
2018,622900,98.36948683720914,1.630513162790862
2018,623000,98.36948683720914,1.630513162790862
2018,542500,98.45092141192821,1.549078588071794
2019,520400,99.33999999999999,.6600000000000108
2019,632300,99.0443906423225,.9556093576775027
2019,320800,99.92,.0799999999999983
2019,532600,99.03922304343655,.9607769565634499
2019,420900,99.16,.8400000000000034
2019,610400,99.81999999999999,.1800000000000068
2019,530500,99.49000000000001,.5099999999999909
2019,331000,99.94999999999999,.0500000000000114
2019,611000,99.71000000000001,.289999999999992
2019,520100,99.90000000000001,.0999999999999943
2019,530100,99.61000000000001,.3899999999999864
2019,420200,99.72999999999999,.2700000000000102
2019,630100,99.7,.2999999999999972
2019,150400,98.77000000000001,1.22999999999999
2019,420300,98.88,1.120000000000005
2019,530400,99.48,.519999999999996
2019,632500,99.0443906423225,.9556093576775027
2019,533100,99.03922304343655,.9607769565634499
2019,630200,99.56,.4399999999999977
2019,430200,99.91,.0900000000000034
2019,430300,99.97,.0300000000000011
2019,533400,99.03922304343655,.9607769565634499
2019,321300,99.89,.1099999999999994
2019,321000,99.88,.1200000000000045
2019,530700,98.63999999999999,1.360000000000014
2019,431100,99.72,.2800000000000011
2019,330200,99.96000000000001,.039999999999992
2019,350500,99.96000000000001,.039999999999992
2019,421200,99.8,.2000000000000028
2019,320400,99.94999999999999,.0500000000000114
2019,152500,98.05238807133205,1.947611928667953
2019,331100,99.77000000000001,.2299999999999898
2019,520200,99.87,.1299999999999955
2019,532300,99.03922304343655,.9607769565634499
2019,320100,99.95999999999999,.0400000000000063
2019,421100,98.03999999999999,1.960000000000008
2019,150900,99.47999999999999,.5200000000000102
2019,430600,99.47,.5300000000000011
2019,532900,99.03922304343655,.9607769565634499
2019,610100,99.84999999999999,.1500000000000057
2019,330100,99.97,.0300000000000011
2019,421000,96.25999999999999,3.740000000000009
2019,610200,99.78,.2199999999999989
2019,330800,99.87,.1299999999999955
2019,152200,98.05238807133205,1.947611928667953
2019,610700,99.49000000000001,.5099999999999909
2019,530300,99.25,.75
2019,420700,99.87,.1299999999999955
2019,350800,99.72,.2800000000000011
2019,321100,99.88,.1200000000000045
2019,430900,99.34999999999999,.6500000000000057
2019,610600,99.81,.1899999999999977
2019,350600,99.14,.8599999999999994
2019,431300,99.94,.0600000000000023
2019,150800,95.77,4.230000000000004
2019,460100,96.14999999999999,3.850000000000009
2019,420100,99.83,.1700000000000017
2019,150700,82.03,17.97
2019,460300,98.99093153849827,1.009068461501727
2019,350900,99.72,.2800000000000011
2019,421300,99.66,.3400000000000034
2019,610900,99.78,.2199999999999989
2019,330400,99.96000000000001,.039999999999992
2019,420600,97.06999999999999,2.930000000000007
2019,350700,98.30000000000001,1.699999999999989
2019,430800,99.63,.3700000000000045
2019,150200,99.84999999999999,.1500000000000057
2019,431000,99.81999999999999,.1800000000000068
2019,610800,99.61,.3900000000000006
2019,320600,99.94,.0600000000000023
2019,330300,99.93000000000001,.0699999999999932
2019,350200,99.99000000000001,.0099999999999909
2019,150100,99.65000000000001,.3499999999999943
2019,321200,99.95999999999999,.0400000000000063
2019,430100,99.93000000000001,.0699999999999932
2019,330700,99.95,.0499999999999972
2019,530900,97.46000000000001,2.539999999999992
2019,150300,99.81,.1899999999999977
2019,330600,99.97,.0300000000000011
2019,469003,98.04000000000001,1.959999999999994
2019,150500,99.44999999999999,.5500000000000114
2019,632600,99.0443906423225,.9556093576775027
2019,520300,99.90000000000001,.0999999999999943
2019,320300,98.93000000000001,1.069999999999993
2019,530600,99.47,.5300000000000011
2019,610300,99.61,.3900000000000006
2019,150600,99.76000000000001,.2399999999999949
2019,350100,99.95,.0499999999999972
2019,350400,98.96000000000001,1.039999999999992
2019,152900,98.05238807133205,1.947611928667953
2019,350300,99.91,.0900000000000034
2019,330500,99.95,.0499999999999972
2019,320500,99.98,.019999999999996
2019,533300,99.03922304343655,.9607769565634499
2019,520600,99.84,.1599999999999966
2019,610500,98.67,1.329999999999998
2019,532800,99.03922304343655,.9607769565634499
2019,520500,99.65000000000001,.3499999999999943
2019,430700,99.63,.3700000000000045
2019,430400,99.81,.1899999999999977
2019,632700,99.0443906423225,.9556093576775027
2019,431200,99.66,.3400000000000034
2019,420500,98.73,1.269999999999996
2019,632800,99.0443906423225,.9556093576775027
2019,530800,96.94,3.060000000000002
2019,420800,99.44,.5600000000000023
2019,532500,99.03922304343655,.9607769565634499
2019,430500,99.53,.4699999999999989
2019,632200,99.0443906423225,.9556093576775027
2019,320900,98.39,1.609999999999999
2019,320700,99.18000000000001,.8199999999999932
2019,330900,99.75,.25
2019,320200,99.93000000000001,.0699999999999932
2019,460200,98.56999999999999,1.430000000000007
2019,522600,99.05072148233411,.9492785176658884
2019,433100,99.06078294804574,.9392170519542589
2019,522300,99.05072148233411,.9492785176658884
2019,522700,99.05072148233411,.9492785176658884
2019,340100,99.94,.0600000000000023
2019,340200,99.72,.2800000000000011
2019,340300,99.8,.2000000000000028
2019,340400,98.63,1.370000000000005
2019,340500,99.81999999999999,.1800000000000068
2019,340600,99.73,.269999999999996
2019,340700,98.84,1.159999999999997
2019,340800,96.50999999999999,3.490000000000009
2019,341000,99.48999999999999,.5100000000000051
2019,341100,99.41,.5900000000000034
2019,341200,99.41,.5900000000000034
2019,341300,99.84,.1599999999999966
2019,341500,96.8,3.200000000000003
2019,341600,99.86,.1400000000000006
2019,341700,99.51000000000001,.4899999999999949
2019,341800,99.44,.5600000000000023
2019,360100,99.86,.1400000000000006
2019,360200,99.89,.1099999999999994
2019,360300,99.68000000000001,.3199999999999932
2019,360400,99.66,.3400000000000034
2019,360500,99.75999999999999,.2400000000000091
2019,360600,95.09,4.909999999999997
2019,360700,99.69,.3100000000000023
2019,360800,99.06,.9399999999999977
2019,360900,99.75999999999999,.2400000000000091
2019,361000,99.78,.2199999999999989
2019,361100,99.39,.6099999999999994
2019,370100,99.95,.0499999999999972
2019,370200,99.99000000000001,.0099999999999909
2019,370300,99.81,.1899999999999977
2019,370400,99.97,.0300000000000011
2019,370500,99.93000000000001,.0699999999999932
2019,370600,99.88,.1200000000000045
2019,370700,99.94,.0600000000000023
2019,370800,99.91999999999999,.0800000000000125
2019,370900,99.89,.1099999999999994
2019,371000,99.41,.5900000000000034
2019,371100,99.96000000000001,.039999999999992
2019,371300,99.90000000000001,.0999999999999943
2019,371400,99.72999999999999,.2700000000000102
2019,371500,99.94,.0600000000000023
2019,371600,99.88999999999999,.1100000000000136
2019,371700,99.95,.0499999999999972
2019,440100,99.94999999999999,.0500000000000114
2019,440200,99.76000000000001,.2399999999999949
2019,440300,99.99000000000001,.0099999999999909
2019,440400,99.94,.0600000000000023
2019,440500,99.94,.0600000000000023
2019,440600,99.96000000000001,.039999999999992
2019,440700,99.81999999999999,.1800000000000068
2019,440800,97.82000000000001,2.179999999999993
2019,440900,99.90000000000001,.0999999999999943
2019,441200,99.84999999999999,.1500000000000057
2019,441300,99.91,.0900000000000034
2019,441400,99.85000000000001,.1499999999999915
2019,441500,99.61,.3900000000000006
2019,441600,99.86,.1400000000000006
2019,441700,99.64000000000001,.3599999999999852
2019,441800,99.95,.0499999999999972
2019,441900,99.95999999999999,.0400000000000063
2019,442000,100,0
2019,445100,99.84,.1599999999999966
2019,445200,99.83000000000001,.1699999999999875
2019,445300,99.09999999999999,.9000000000000057
2019,620100,99.94,.0600000000000023
2019,620200,99.95,.0499999999999972
2019,620300,96.65000000000001,3.349999999999994
2019,620400,99.34999999999999,.6500000000000057
2019,620500,99.43000000000001,.5699999999999932
2019,620600,99.25999999999999,.7400000000000091
2019,620700,97.44,2.560000000000002
2019,620800,99.47,.5300000000000011
2019,620900,97.51000000000001,2.489999999999995
2019,621000,99.48999999999999,.5100000000000051
2019,621100,99.69,.3100000000000023
2019,621200,99.56999999999999,.4300000000000068
2019,622900,99.04245252957737,.9575474704226252
2019,623000,99.04245252957737,.9575474704226252
2019,450100,99.24000000000001,.7599999999999909
2019,450200,99.48999999999999,.5100000000000051
2019,450300,99,1
2019,450400,99.59,.4099999999999966
2019,450500,96.02,3.980000000000004
2019,450600,99.08,.9200000000000017
2019,450700,98.78,1.219999999999999
2019,450800,99.34,.6599999999999966
2019,450900,98.49000000000001,1.509999999999991
2019,451000,99.05,.9500000000000028
2019,451100,98.47999999999999,1.52000000000001
2019,451200,98.56999999999999,1.430000000000007
2019,451300,95.85000000000001,4.149999999999991
2019,451400,97.21000000000001,2.789999999999992
2019,110000,99.94999999999999,.0500000000000114
2019,120000,99.91,.0900000000000034
2019,140100,99.94999999999999,.0500000000000114
2019,140200,99.71000000000001,.289999999999992
2019,140300,99.71000000000001,.289999999999992
2019,140400,99.77000000000001,.2299999999999898
2019,140500,99.75999999999999,.2400000000000091
2019,140600,99.08,.9200000000000017
2019,140700,99.84,.1599999999999966
2019,140800,99.67999999999999,.3200000000000074
2019,140900,99.69,.3100000000000023
2019,141000,99.78999999999999,.210000000000008
2019,141100,99.83,.1700000000000017
2019,210100,99.69,.3100000000000023
2019,210200,99.47,.5300000000000011
2019,210300,99.89,.1099999999999994
2019,210400,98.34999999999999,1.650000000000006
2019,210500,99.99000000000001,.0099999999999909
2019,210600,99.11000000000001,.8899999999999864
2019,210700,99.81,.1899999999999977
2019,210800,99.97,.0300000000000011
2019,210900,99.02,.980000000000004
2019,211000,96.48,3.519999999999996
2019,211100,66.03999999999999,33.96000000000001
2019,211200,93.04000000000001,6.959999999999994
2019,211300,99.55000000000001,.4499999999999886
2019,211400,99.75999999999999,.2400000000000091
2019,220100,99.74000000000001,.2599999999999909
2019,220200,96.76000000000001,3.239999999999995
2019,220300,98.78,1.219999999999999
2019,220400,98.59,1.409999999999997
2019,220500,98.5,1.5
2019,220600,88.57000000000001,11.42999999999999
2019,220700,98.47999999999999,1.52000000000001
2019,220800,96.59,3.409999999999997
2019,230100,99.35000000000001,.6499999999999915
2019,230200,92.09,7.909999999999997
2019,230300,91.69,8.310000000000002
2019,230400,69.47,30.53
2019,230500,79,21
2019,230600,99.84999999999999,.1500000000000057
2019,230700,51.16,48.84
2019,230800,72.38,27.62
2019,230900,96.56999999999999,3.430000000000007
2019,231000,84.5,15.5
2019,231100,71.78999999999999,28.21000000000001
2019,231200,94.5,5.5
2019,232700,95.33670844757724,4.663291552422763
2019,310000,98.93000000000001,1.069999999999993
2019,410100,99.93000000000001,.0699999999999932
2019,410200,99.89,.1099999999999994
2019,410300,99.93000000000001,.0699999999999932
2019,410400,99.87,.1299999999999955
2019,410500,99.94,.0600000000000023
2019,410600,99.94,.0600000000000023
2019,410700,99.84,.1599999999999966
2019,410800,99.92,.0799999999999983
2019,410900,99.84999999999999,.1500000000000057
2019,411000,99.77,.230000000000004
2019,411100,99.8,.2000000000000028
2019,411200,99.78,.2199999999999989
2019,411300,99.61,.3900000000000006
2019,411400,99.90000000000001,.0999999999999943
2019,411500,99.87,.1299999999999955
2019,411600,98.92,1.079999999999998
2019,411700,99.59,.4099999999999966
2019,640100,99.2,.7999999999999972
2019,640200,99.50999999999999,.4900000000000091
2019,640300,97.85000000000001,2.149999999999991
2019,640400,99.86,.1400000000000006
2019,640500,97.28,2.719999999999999
2019,130100,99.90000000000001,.0999999999999943
2019,130200,98.25,1.75
2019,130300,99.87,.1299999999999955
2019,130400,99.65000000000001,.3499999999999943
2019,130500,99.83,.1700000000000017
2019,130600,99.75999999999999,.2400000000000091
2019,130700,99.16,.8400000000000034
2019,130800,98.89999999999999,1.100000000000009
2019,130900,99.88999999999999,.1100000000000136
2019,131000,99.96000000000001,.039999999999992
2019,131100,99.91,.0900000000000034
2019,500000,99.81999999999999,.1800000000000068
2019,510100,99.30000000000001,.6999999999999886
2019,510300,99.94,.0600000000000023
2019,510400,99.71000000000001,.289999999999992
2019,510500,99.97,.0300000000000011
2019,510600,99.97,.0300000000000011
2019,510700,99.91,.0900000000000034
2019,510800,99.73,.269999999999996
2019,510900,99.98999999999999,.0100000000000051
2019,511000,99.5,.5
2019,511100,99.40000000000001,.5999999999999943
2019,511300,99.64,.3599999999999994
2019,511400,99.81999999999999,.1800000000000068
2019,511500,99.97,.0300000000000011
2019,511600,99.90000000000001,.0999999999999943
2019,511700,99.87,.1299999999999955
2019,511800,99.81999999999999,.1800000000000068
2019,511900,99.77000000000001,.2299999999999898
2019,512000,99.84999999999999,.1500000000000057
2019,540100,99.81999999999999,.1800000000000068
2019,540200,99.04216250523945,.9578374947605539
2019,540300,99.57000000000001,.4299999999999926
2019,540400,98.5,1.5
2019,540500,99.67999999999999,.3200000000000074
2019,542400,99.95,.0499999999999972
2019,650100,99.95,.0499999999999972
2019,650200,99.87,.1299999999999955
2019,652100,99.53999999999999,.460000000000008
2019,652200,90.03,9.969999999999999
2019,513200,99.05294152129559,.9470584787044061
2019,513300,99.05294152129559,.9470584787044061
2019,513400,99.05294152129559,.9470584787044061
2019,652300,96.99667210592008,3.003327894079916
2019,652700,96.99667210592008,3.003327894079916
2019,652800,96.99667210592008,3.003327894079916
2019,652900,96.99667210592008,3.003327894079916
2019,653000,96.99667210592008,3.003327894079916
2019,653100,96.99667210592008,3.003327894079916
2019,653200,96.99667210592008,3.003327894079916
2019,654000,96.99667210592008,3.003327894079916
2019,654200,96.99667210592008,3.003327894079916
